INSERT INTO BATCH_JOB_INSTANCE (JOB_INSTANCE_ID, VERSION, JOB_NAME, JOB_KEY)
VALUES (1, 0, 'dailySettlementJob', 'dailySettlementJob-20260530');

INSERT INTO BATCH_JOB_INSTANCE (JOB_INSTANCE_ID, VERSION, JOB_NAME, JOB_KEY)
VALUES (2, 0, 'customerSyncJob', 'customerSyncJob-20260530');

INSERT INTO BATCH_JOB_INSTANCE (JOB_INSTANCE_ID, VERSION, JOB_NAME, JOB_KEY)
VALUES (3, 0, 'reportPublishJob', 'reportPublishJob-20260530');

INSERT INTO BATCH_JOB_INSTANCE (JOB_INSTANCE_ID, VERSION, JOB_NAME, JOB_KEY)
VALUES (4, 0, 'oracleReflectJob', 'oracleReflectJob-20260530');

INSERT INTO BATCH_JOB_EXECUTION (
    JOB_EXECUTION_ID, VERSION, JOB_INSTANCE_ID, CREATE_TIME, START_TIME, END_TIME,
    STATUS, EXIT_CODE, EXIT_MESSAGE, LAST_UPDATED
) VALUES (
    101, 1, 1, SYSTIMESTAMP - INTERVAL '3' HOUR, SYSTIMESTAMP - INTERVAL '3' HOUR,
    SYSTIMESTAMP - INTERVAL '2' HOUR - INTERVAL '52' MINUTE, 'COMPLETED', 'COMPLETED',
    'Settlement finished', SYSTIMESTAMP - INTERVAL '2' HOUR - INTERVAL '52' MINUTE
);

INSERT INTO BATCH_JOB_EXECUTION (
    JOB_EXECUTION_ID, VERSION, JOB_INSTANCE_ID, CREATE_TIME, START_TIME, END_TIME,
    STATUS, EXIT_CODE, EXIT_MESSAGE, LAST_UPDATED
) VALUES (
    102, 1, 2, SYSTIMESTAMP - INTERVAL '90' MINUTE, SYSTIMESTAMP - INTERVAL '90' MINUTE,
    SYSTIMESTAMP - INTERVAL '80' MINUTE, 'FAILED', 'FAILED',
    'Customer source row count mismatch', SYSTIMESTAMP - INTERVAL '80' MINUTE
);

INSERT INTO BATCH_JOB_EXECUTION (
    JOB_EXECUTION_ID, VERSION, JOB_INSTANCE_ID, CREATE_TIME, START_TIME, END_TIME,
    STATUS, EXIT_CODE, EXIT_MESSAGE, LAST_UPDATED
) VALUES (
    103, 1, 3, SYSTIMESTAMP - INTERVAL '20' MINUTE, SYSTIMESTAMP - INTERVAL '20' MINUTE,
    NULL, 'STARTED', 'UNKNOWN', 'Report publishing is running', SYSTIMESTAMP - INTERVAL '5' MINUTE
);

INSERT INTO BATCH_JOB_EXECUTION (
    JOB_EXECUTION_ID, VERSION, JOB_INSTANCE_ID, CREATE_TIME, START_TIME, END_TIME,
    STATUS, EXIT_CODE, EXIT_MESSAGE, LAST_UPDATED
) VALUES (
    104, 1, 4, SYSTIMESTAMP - INTERVAL '2' HOUR - INTERVAL '10' MINUTE, SYSTIMESTAMP - INTERVAL '2' HOUR - INTERVAL '9' MINUTE,
    SYSTIMESTAMP - INTERVAL '2' HOUR - INTERVAL '1' MINUTE, 'FAILED', 'FAILED',
    'Oracle reflect count is lower than Sybase source count. source=1250, reflected=1244',
    SYSTIMESTAMP - INTERVAL '2' HOUR - INTERVAL '1' MINUTE
);

INSERT INTO BATCH_JOB_EXECUTION_PARAMS (
    JOB_EXECUTION_ID, TYPE_CD, KEY_NAME, STRING_VAL, DATE_VAL, LONG_VAL, DOUBLE_VAL, IDENTIFYING
) VALUES (
    101, 'STRING', 'businessDate', '2026-05-30', NULL, NULL, NULL, 'Y'
);

INSERT INTO BATCH_JOB_EXECUTION_PARAMS (
    JOB_EXECUTION_ID, TYPE_CD, KEY_NAME, STRING_VAL, DATE_VAL, LONG_VAL, DOUBLE_VAL, IDENTIFYING
) VALUES (
    102, 'STRING', 'sourceSystem', 'CRM', NULL, NULL, NULL, 'Y'
);

INSERT INTO BATCH_JOB_EXECUTION_PARAMS (
    JOB_EXECUTION_ID, TYPE_CD, KEY_NAME, STRING_VAL, DATE_VAL, LONG_VAL, DOUBLE_VAL, IDENTIFYING
) VALUES (
    104, 'STRING', 'businessDate', '2026-05-30', NULL, NULL, NULL, 'Y'
);

INSERT INTO BATCH_STEP_EXECUTION (
    STEP_EXECUTION_ID, VERSION, STEP_NAME, JOB_EXECUTION_ID, START_TIME, END_TIME, STATUS,
    COMMIT_COUNT, READ_COUNT, FILTER_COUNT, WRITE_COUNT, EXIT_CODE, EXIT_MESSAGE,
    READ_SKIP_COUNT, WRITE_SKIP_COUNT, PROCESS_SKIP_COUNT, ROLLBACK_COUNT, LAST_UPDATED
) VALUES (
    1001, 1, 'loadSettlementStep', 101, SYSTIMESTAMP - INTERVAL '3' HOUR,
    SYSTIMESTAMP - INTERVAL '2' HOUR - INTERVAL '56' MINUTE, 'COMPLETED',
    10, 1000, 0, 1000, 'COMPLETED', 'Loaded settlement rows',
    0, 0, 0, 0, SYSTIMESTAMP - INTERVAL '2' HOUR - INTERVAL '56' MINUTE
);

INSERT INTO BATCH_STEP_EXECUTION (
    STEP_EXECUTION_ID, VERSION, STEP_NAME, JOB_EXECUTION_ID, START_TIME, END_TIME, STATUS,
    COMMIT_COUNT, READ_COUNT, FILTER_COUNT, WRITE_COUNT, EXIT_CODE, EXIT_MESSAGE,
    READ_SKIP_COUNT, WRITE_SKIP_COUNT, PROCESS_SKIP_COUNT, ROLLBACK_COUNT, LAST_UPDATED
) VALUES (
    1002, 1, 'syncCustomerStep', 102, SYSTIMESTAMP - INTERVAL '90' MINUTE,
    SYSTIMESTAMP - INTERVAL '80' MINUTE, 'FAILED',
    3, 301, 0, 298, 'FAILED', 'Expected 301 rows but wrote 298 rows',
    0, 0, 0, 1, SYSTIMESTAMP - INTERVAL '80' MINUTE
);

INSERT INTO BATCH_STEP_EXECUTION (
    STEP_EXECUTION_ID, VERSION, STEP_NAME, JOB_EXECUTION_ID, START_TIME, END_TIME, STATUS,
    COMMIT_COUNT, READ_COUNT, FILTER_COUNT, WRITE_COUNT, EXIT_CODE, EXIT_MESSAGE,
    READ_SKIP_COUNT, WRITE_SKIP_COUNT, PROCESS_SKIP_COUNT, ROLLBACK_COUNT, LAST_UPDATED
) VALUES (
    1003, 1, 'reflectCustomerToOracleStep', 104, SYSTIMESTAMP - INTERVAL '2' HOUR - INTERVAL '9' MINUTE,
    SYSTIMESTAMP - INTERVAL '2' HOUR - INTERVAL '1' MINUTE, 'FAILED',
    3, 1250, 0, 1244, 'FAILED', 'Six customer rows were not reflected to Oracle target',
    0, 6, 0, 1, SYSTIMESTAMP - INTERVAL '2' HOUR - INTERVAL '1' MINUTE
);

INSERT INTO SETTLEMENT (BUSINESS_DATE, AMOUNT) VALUES ('2026-05-30', 10000);
INSERT INTO SETTLEMENT (BUSINESS_DATE, AMOUNT) VALUES ('2026-05-30', 25000);
INSERT INTO SETTLEMENT (BUSINESS_DATE, AMOUNT) VALUES ('2026-05-31', 30000);
INSERT INTO SETTLEMENT (BUSINESS_DATE, AMOUNT) VALUES ('2026-05-31', 12000);
INSERT INTO CUSTOMER_MASTER (CUSTOMER_ID, CUSTOMER_NAME, USE_YN) VALUES (1, 'Kim', 'Y');
INSERT INTO CUSTOMER_MASTER (CUSTOMER_ID, CUSTOMER_NAME, USE_YN) VALUES (2, 'Lee', 'Y');
INSERT INTO CUSTOMER_MASTER (CUSTOMER_ID, CUSTOMER_NAME, USE_YN) VALUES (3, 'Park', 'N');
INSERT INTO CUSTOMER_MASTER (CUSTOMER_ID, CUSTOMER_NAME, USE_YN) VALUES (4, 'Choi', 'N');

INSERT INTO BM_QUERY_COMPARISON (
    COMPARISON_ID, COMPARISON_NAME, DESCRIPTION, SYBASE_QUERY,
    ORACLE_QUERY, COMPARE_MODE, ENABLED_YN, SCHEDULE_ENABLED_YN, CRON_EXPRESSION,
    NOTIFY_ENABLED_YN, NOTIFY_ON_SUCCESS_YN, NOTIFY_RECIPIENTS,
    AI_SQL_REVIEW_YN, AI_ANALYSIS_ENABLED_YN, AI_SQL_REVIEW_STATUS, AI_SQL_REVIEW_SUMMARY,
    CREATED_BY, CREATED_AT, UPDATED_BY, UPDATED_AT
) VALUES (
    1, '일별 정산 금액 검증', 'Sybase와 Oracle의 일별 정산 합계를 비교합니다.',
    'SELECT business_date, SUM(amount) AS total_amount FROM settlement GROUP BY business_date ORDER BY business_date',
    'SELECT business_date, SUM(amount) AS total_amount FROM settlement GROUP BY business_date ORDER BY business_date',
    'EXACT', 'Y', 'N', NULL, 'Y', 'N', 'settlement-team@example.com',
    'Y', 'Y', 'PASS',
    'PASS - **비교 기준 일치**: 양쪽 SQL 모두 `business_date`별 `SUM(amount)`를 집계합니다. - **정렬 기준 확인**: `ORDER BY business_date`가 있어 결과 순서도 안정적입니다.',
    'admin', SYSTIMESTAMP - INTERVAL '2' DAY, 'admin', SYSTIMESTAMP - INTERVAL '1' DAY
);

INSERT INTO BM_QUERY_COMPARISON (
    COMPARISON_ID, COMPARISON_NAME, DESCRIPTION, SYBASE_QUERY,
    ORACLE_QUERY, COMPARE_MODE, ENABLED_YN, SCHEDULE_ENABLED_YN, CRON_EXPRESSION,
    NOTIFY_ENABLED_YN, NOTIFY_ON_SUCCESS_YN, NOTIFY_RECIPIENTS,
    AI_SQL_REVIEW_YN, AI_ANALYSIS_ENABLED_YN, AI_SQL_REVIEW_STATUS, AI_SQL_REVIEW_SUMMARY,
    CREATED_BY, CREATED_AT, UPDATED_BY, UPDATED_AT
) VALUES (
    2, '고객 마스터 건수 검증', '고객 마스터 이관 결과 건수를 비교합니다.',
    'SELECT COUNT(*) AS customer_count FROM customer_master WHERE use_yn = ''Y''',
    'SELECT COUNT(*) AS customer_count FROM customer_master WHERE use_yn = ''Y''',
    'HASH', 'Y', 'Y', '0 */10 * * * *', 'Y', 'N', 'customer-team@example.com',
    'Y', 'Y', 'WARN',
    'WARN - **상태 조건 확인 필요**: 양쪽 SQL 모두 `use_yn = ''Y''` 조건을 사용합니다. - **NULL/공백 처리 확인**: `use_yn`에 NULL 또는 공백 값이 들어올 수 있다면 동일한 정규화 조건을 추가하는 것이 좋습니다.',
    'admin', SYSTIMESTAMP - INTERVAL '1' DAY, 'admin', SYSTIMESTAMP - INTERVAL '6' HOUR
);

INSERT INTO BM_QUERY_COMPARISON (
    COMPARISON_ID, COMPARISON_NAME, DESCRIPTION, SYBASE_QUERY,
    ORACLE_QUERY, COMPARE_MODE, ENABLED_YN, SCHEDULE_ENABLED_YN, CRON_EXPRESSION,
    NOTIFY_ENABLED_YN, NOTIFY_ON_SUCCESS_YN, NOTIFY_RECIPIENTS,
    AI_SQL_REVIEW_YN, AI_ANALYSIS_ENABLED_YN, AI_SQL_REVIEW_STATUS, AI_SQL_REVIEW_SUMMARY,
    CREATED_BY, CREATED_AT, UPDATED_BY, UPDATED_AT
) VALUES (
    3, '고객 사용여부 조건 오류 샘플', 'AI SQL 사전 검토 FAIL 화면을 확인하기 위한 샘플입니다.',
    'SELECT COUNT(*) AS CNT FROM customer_master WHERE use_yn = ''Y''',
    'SELECT COUNT(*) AS CNT FROM customer_master WHERE use_yn = ''N''',
    'EXACT', 'Y', 'N', NULL, 'Y', 'N', 'qa-team@example.com',
    'Y', 'Y', 'FAIL',
    'FAIL - **필터 조건 불일치**: Sybase는 `use_yn = ''Y''`, Oracle은 `use_yn = ''N''`으로 서로 반대 상태를 집계합니다. - **수정 제안**: 동일 기준 검증이라면 Oracle SQL을 아래처럼 맞추는 것이 필요합니다. ```sql SELECT COUNT(*) AS CNT FROM customer_master WHERE use_yn = ''Y'' ``` - **업무 기준 확인 필요**: 비교 대상이 사용 중 고객인지 미사용 고객인지 먼저 확정해야 합니다.',
    'admin', SYSTIMESTAMP - INTERVAL '12' HOUR, 'admin', SYSTIMESTAMP - INTERVAL '10' HOUR
);

INSERT INTO BM_QUERY_COMPARISON_RESULT (
    RESULT_ID, COMPARISON_ID, REQUESTED_BY, REQUESTED_AT, STARTED_AT, FINISHED_AT, RESULT_STATUS,
    SYBASE_ROW_COUNT, ORACLE_ROW_COUNT, SYBASE_RESULT_HASH, ORACLE_RESULT_HASH, MISMATCH_SUMMARY, ERROR_MESSAGE,
    ORACLE_BATCH_CONTEXT, AI_ANALYSIS_STATUS, AI_ANALYSIS, AI_ACTION_GUIDE
) VALUES (
    900, 1, 'admin', SYSTIMESTAMP - INTERVAL '5' HOUR, SYSTIMESTAMP - INTERVAL '5' HOUR,
    SYSTIMESTAMP - INTERVAL '5' HOUR + INTERVAL '10' SECOND, 'SUCCESS',
    2, 2, 'a1b2c3', 'a1b2c3', '두 쿼리 결과가 일치합니다.', NULL,
    NULL, 'SKIPPED', NULL, NULL
);

INSERT INTO BM_QUERY_COMPARISON_RESULT (
    RESULT_ID, COMPARISON_ID, REQUESTED_BY, REQUESTED_AT, STARTED_AT, FINISHED_AT, RESULT_STATUS,
    SYBASE_ROW_COUNT, ORACLE_ROW_COUNT, SYBASE_RESULT_HASH, ORACLE_RESULT_HASH, MISMATCH_SUMMARY, ERROR_MESSAGE,
    ORACLE_BATCH_CONTEXT, AI_ANALYSIS_STATUS, AI_ANALYSIS, AI_ACTION_GUIDE
) VALUES (
    901, 2, 'admin', SYSTIMESTAMP - INTERVAL '2' HOUR, SYSTIMESTAMP - INTERVAL '2' HOUR,
    SYSTIMESTAMP - INTERVAL '2' HOUR + INTERVAL '7' SECOND, 'FAIL',
    1250, 1244, 'hash-sybase', 'hash-oracle', 'row count differs: Sybase=1250, Oracle=1244', NULL,
    'JOB_EXECUTION_ID=104, JOB_NAME=oracleReflectJob, STATUS=FAILED, EXIT_CODE=FAILED, START_TIME=최근 실행, END_TIME=최근 실행, EXIT_MESSAGE=Oracle reflect count is lower than Sybase source count. source=1250, reflected=1244',
    'SUCCESS',
    '원인 후보 - **Oracle 반영 누락 가능성**: 동일 시간대 `oracleReflectJob`이 실패했고 reflected 건수가 1244로 비교 결과와 일치합니다. - **필터 조건 차이 가능성**: `use_yn` 값의 공백/NULL 처리 기준이 DB 간 다르면 사용 고객 건수가 달라질 수 있습니다. 점검 순서 - 배치 로그에서 write skip 6건의 원인을 확인합니다. - 동일 시간대 재처리 여부와 Oracle 대상 테이블 반영 시간을 확인합니다. 조치 가이드 - 누락 6건의 키를 배치 로그에서 확인한 뒤 Oracle 재반영 또는 보정 배치를 수행합니다.',
    '조치 가이드 - 배치 로그에서 write skip 6건의 고객 키를 확인합니다. - Oracle 대상 테이블에 누락 키가 존재하는지 조회합니다. - 재처리 후 이 검증을 다시 실행합니다.'
);

INSERT INTO BM_QUERY_COMPARISON_RESULT (
    RESULT_ID, COMPARISON_ID, REQUESTED_BY, REQUESTED_AT, STARTED_AT, FINISHED_AT, RESULT_STATUS,
    SYBASE_ROW_COUNT, ORACLE_ROW_COUNT, SYBASE_RESULT_HASH, ORACLE_RESULT_HASH, MISMATCH_SUMMARY, ERROR_MESSAGE,
    ORACLE_BATCH_CONTEXT, AI_ANALYSIS_STATUS, AI_ANALYSIS, AI_ACTION_GUIDE
) VALUES (
    902, 3, 'admin', SYSTIMESTAMP - INTERVAL '1' DAY, SYSTIMESTAMP - INTERVAL '1' DAY,
    SYSTIMESTAMP - INTERVAL '1' DAY + INTERVAL '4' SECOND, 'FAIL',
    2, 2, 'hash-active', 'hash-inactive', '결과 건수는 같지만 Sybase와 Oracle의 필터 조건이 달라 비교 의미가 일치하지 않습니다.', NULL,
    '동일 시간대 Oracle 배치 실패 이력이 조회되지 않았습니다.',
    'SUCCESS',
    '원인 후보 - **SQL 조건 불일치**: Sybase는 사용 고객, Oracle은 미사용 고객을 집계하고 있어 결과 의미가 다릅니다. 점검 순서 - 비교 목적이 사용 고객인지 미사용 고객인지 확인합니다. - 양쪽 SQL의 `use_yn` 조건을 동일하게 맞춥니다. 조치 가이드 - Oracle SQL 조건을 `use_yn = ''Y''`로 수정한 뒤 저장 전 SQL 검토를 다시 실행합니다.',
    '조치 가이드 - 업무 기준을 확정합니다. - Oracle SQL의 `use_yn` 조건을 Sybase와 동일하게 수정합니다. - 수정 후 수동 요청으로 결과를 확인합니다.'
);

INSERT INTO BM_QUERY_COMPARISON_RESULT (
    RESULT_ID, COMPARISON_ID, REQUESTED_BY, REQUESTED_AT, STARTED_AT, FINISHED_AT, RESULT_STATUS,
    SYBASE_ROW_COUNT, ORACLE_ROW_COUNT, SYBASE_RESULT_HASH, ORACLE_RESULT_HASH, MISMATCH_SUMMARY, ERROR_MESSAGE,
    ORACLE_BATCH_CONTEXT, AI_ANALYSIS_STATUS, AI_ANALYSIS, AI_ACTION_GUIDE
) VALUES (
    903, 2, 'scheduler', SYSTIMESTAMP - INTERVAL '40' MINUTE, SYSTIMESTAMP - INTERVAL '40' MINUTE,
    SYSTIMESTAMP - INTERVAL '39' MINUTE, 'ERROR',
    NULL, NULL, NULL, NULL, NULL, 'Statement timed out after 30 seconds',
    '동일 시간대 Oracle 배치 실패 이력이 조회되지 않았습니다.',
    'ERROR',
    'AI 분석 실패: OpenAI API 테스트 키가 설정되지 않았습니다.',
    NULL
);

INSERT INTO BM_QUERY_EXPECTATION (
    EXPECTATION_ID, EXPECTATION_NAME, DESCRIPTION, TARGET_DB_TYPE, QUERY_TEXT,
    EXPECTED_VALUE_TYPE, EXPECTED_OPERATOR, EXPECTED_VALUE, ENABLED_YN,
    SCHEDULE_ENABLED_YN, CRON_EXPRESSION, NOTIFY_ENABLED_YN, NOTIFY_ON_SUCCESS_YN,
    NOTIFY_RECIPIENTS, AI_SQL_REVIEW_YN, AI_SQL_REVIEW_STATUS, AI_SQL_REVIEW_SUMMARY,
    CREATED_BY, CREATED_AT, UPDATED_BY, UPDATED_AT
) VALUES (
    10, '사용 고객 건수 검증', '사용 중인 고객 수가 2명인지 확인합니다.', 'ORACLE',
    'SELECT COUNT(*) AS CNT FROM customer_master WHERE use_yn = ''Y''',
    'SCALAR', 'EQ', '2', 'Y', 'Y', '0 0 7 * * *', 'Y', 'N',
    'customer-team@example.com', 'Y', 'PASS',
    'PASS - **기대값 타입 적합**: `SCALAR` 검증에 맞게 단일 COUNT 값을 반환합니다. - **조건 확인**: `use_yn = ''Y''` 기준이 명확합니다.',
    'admin', SYSTIMESTAMP - INTERVAL '1' DAY,
    'admin', SYSTIMESTAMP - INTERVAL '6' HOUR
);

INSERT INTO BM_QUERY_EXPECTATION (
    EXPECTATION_ID, EXPECTATION_NAME, DESCRIPTION, TARGET_DB_TYPE, QUERY_TEXT,
    EXPECTED_VALUE_TYPE, EXPECTED_OPERATOR, EXPECTED_VALUE, ENABLED_YN,
    SCHEDULE_ENABLED_YN, CRON_EXPRESSION, NOTIFY_ENABLED_YN, NOTIFY_ON_SUCCESS_YN,
    NOTIFY_RECIPIENTS, AI_SQL_REVIEW_YN, AI_SQL_REVIEW_STATUS, AI_SQL_REVIEW_SUMMARY,
    CREATED_BY, CREATED_AT, UPDATED_BY, UPDATED_AT
) VALUES (
    11, '미사용 고객 0건 검증', '미사용 고객이 없어야 하는 업무 기준을 검증합니다.', 'ORACLE',
    'SELECT COUNT(*) AS CNT FROM customer_master WHERE use_yn = ''N''',
    'SCALAR', 'EQ', '0', 'Y', 'N', NULL, 'Y', 'N',
    'customer-team@example.com', 'Y', 'WARN',
    'WARN - **기대값과 현재 데이터 차이 가능성**: 미사용 고객이 존재하면 FAIL이 발생합니다. - **업무 기준 확인 필요**: 휴면/탈퇴 고객을 `N`으로 관리하는 정책인지 확인해야 합니다.',
    'admin', SYSTIMESTAMP - INTERVAL '18' HOUR,
    'admin', SYSTIMESTAMP - INTERVAL '8' HOUR
);

INSERT INTO BM_QUERY_EXPECTATION (
    EXPECTATION_ID, EXPECTATION_NAME, DESCRIPTION, TARGET_DB_TYPE, QUERY_TEXT,
    EXPECTED_VALUE_TYPE, EXPECTED_OPERATOR, EXPECTED_VALUE, ENABLED_YN,
    SCHEDULE_ENABLED_YN, CRON_EXPRESSION, NOTIFY_ENABLED_YN, NOTIFY_ON_SUCCESS_YN,
    NOTIFY_RECIPIENTS, AI_SQL_REVIEW_YN, AI_SQL_REVIEW_STATUS, AI_SQL_REVIEW_SUMMARY,
    CREATED_BY, CREATED_AT, UPDATED_BY, UPDATED_AT
) VALUES (
    12, '정산 금액 임계치 검증', '전일 정산 합계가 30000 이상인지 확인합니다.', 'ORACLE',
    'SELECT SUM(amount) AS TOTAL_AMOUNT FROM settlement WHERE business_date = ''2026-05-30''',
    'SCALAR', 'GTE', '30000', 'Y', 'Y', '0 30 7 * * *', 'Y', 'Y',
    'settlement-team@example.com', 'Y', 'PASS',
    'PASS - **연산자 적합**: `GTE` 비교에 맞는 숫자 스칼라 값을 반환합니다. - **날짜 조건 명시**: `business_date` 조건이 있어 검증 범위가 고정됩니다.',
    'admin', SYSTIMESTAMP - INTERVAL '10' HOUR,
    'admin', SYSTIMESTAMP - INTERVAL '7' HOUR
);

INSERT INTO BM_QUERY_EXPECTATION (
    EXPECTATION_ID, EXPECTATION_NAME, DESCRIPTION, TARGET_DB_TYPE, QUERY_TEXT,
    EXPECTED_VALUE_TYPE, EXPECTED_OPERATOR, EXPECTED_VALUE, ENABLED_YN,
    SCHEDULE_ENABLED_YN, CRON_EXPRESSION, NOTIFY_ENABLED_YN, NOTIFY_ON_SUCCESS_YN,
    NOTIFY_RECIPIENTS, AI_SQL_REVIEW_YN, AI_SQL_REVIEW_STATUS, AI_SQL_REVIEW_SUMMARY,
    CREATED_BY, CREATED_AT, UPDATED_BY, UPDATED_AT
) VALUES (
    13, '위험 SQL 검토 실패 샘플', '저장 전 AI SQL 검토 FAIL 표시 확인용 샘플입니다.', 'ORACLE',
    'SELECT COUNT(*) AS CNT FROM customer_master',
    'SCALAR', 'EQ', '2', 'N', 'N', NULL, 'N', 'N',
    NULL, 'Y', 'FAIL',
    'FAIL - **상태 조건 누락**: 전체 고객을 집계하면서 기대값은 사용 고객 수처럼 보입니다. - **수정 제안**: 사용 고객 검증이면 아래처럼 조건을 추가하세요. ```sql SELECT COUNT(*) AS CNT FROM customer_master WHERE use_yn = ''Y'' ```',
    'admin', SYSTIMESTAMP - INTERVAL '5' HOUR,
    'admin', SYSTIMESTAMP - INTERVAL '4' HOUR
);

INSERT INTO BM_QUERY_EXPECTATION_RESULT (
    RESULT_ID, EXPECTATION_ID, REQUESTED_BY, REQUESTED_AT, STARTED_AT, FINISHED_AT,
    RESULT_STATUS, ACTUAL_ROW_COUNT, ACTUAL_VALUE, ACTUAL_RESULT_HASH,
    EXPECTED_VALUE, MISMATCH_SUMMARY, ERROR_MESSAGE
) VALUES (
    1900, 10, 'admin', SYSTIMESTAMP - INTERVAL '6' DAY,
    SYSTIMESTAMP - INTERVAL '6' DAY, SYSTIMESTAMP - INTERVAL '6' DAY + INTERVAL '3' SECOND,
    'SUCCESS', 1, '2', 'sample-hash', '2', '실제값이 기대값과 일치합니다.', NULL
);

INSERT INTO BM_QUERY_EXPECTATION_RESULT (
    RESULT_ID, EXPECTATION_ID, REQUESTED_BY, REQUESTED_AT, STARTED_AT, FINISHED_AT,
    RESULT_STATUS, ACTUAL_ROW_COUNT, ACTUAL_VALUE, ACTUAL_RESULT_HASH,
    EXPECTED_VALUE, MISMATCH_SUMMARY, ERROR_MESSAGE
) VALUES (
    1901, 11, 'admin', SYSTIMESTAMP - INTERVAL '4' DAY,
    SYSTIMESTAMP - INTERVAL '4' DAY, SYSTIMESTAMP - INTERVAL '4' DAY + INTERVAL '2' SECOND,
    'FAIL', 1, '2', 'inactive-customer-hash', '0',
    'expected [0] EQ, actual [2]', NULL
);

INSERT INTO BM_QUERY_EXPECTATION_RESULT (
    RESULT_ID, EXPECTATION_ID, REQUESTED_BY, REQUESTED_AT, STARTED_AT, FINISHED_AT,
    RESULT_STATUS, ACTUAL_ROW_COUNT, ACTUAL_VALUE, ACTUAL_RESULT_HASH,
    EXPECTED_VALUE, MISMATCH_SUMMARY, ERROR_MESSAGE
) VALUES (
    1902, 12, 'scheduler', SYSTIMESTAMP - INTERVAL '70' MINUTE,
    SYSTIMESTAMP - INTERVAL '70' MINUTE, SYSTIMESTAMP - INTERVAL '70' MINUTE + INTERVAL '2' SECOND,
    'SUCCESS', 1, '35000', 'settlement-threshold-hash', '30000',
    '실제값이 기대값과 일치합니다.', NULL
);

INSERT INTO BM_QUERY_EXPECTATION_RESULT (
    RESULT_ID, EXPECTATION_ID, REQUESTED_BY, REQUESTED_AT, STARTED_AT, FINISHED_AT,
    RESULT_STATUS, ACTUAL_ROW_COUNT, ACTUAL_VALUE, ACTUAL_RESULT_HASH,
    EXPECTED_VALUE, MISMATCH_SUMMARY, ERROR_MESSAGE
) VALUES (
    1903, 12, 'admin', SYSTIMESTAMP - INTERVAL '25' MINUTE,
    SYSTIMESTAMP - INTERVAL '25' MINUTE, SYSTIMESTAMP - INTERVAL '25' MINUTE + INTERVAL '1' SECOND,
    'ERROR', NULL, NULL, NULL, '30000',
    NULL, 'ORA-00942: table or view does not exist'
);

INSERT INTO BM_VALIDATION_NOTIFICATION (
    NOTIFICATION_ID, VALIDATION_TYPE, RULE_ID, RESULT_ID, RESULT_STATUS,
    TITLE, MESSAGE, RECIPIENTS, READ_YN, CREATED_AT
) VALUES (
    2900, 'PAIR', 2, 901, 'FAIL',
    '[FAIL] 고객 마스터 건수 검증',
    'row count differs: Sybase=1250, Oracle=1244',
    'customer-team@example.com', 'N', SYSTIMESTAMP - INTERVAL '115' MINUTE
);

INSERT INTO BM_VALIDATION_NOTIFICATION (
    NOTIFICATION_ID, VALIDATION_TYPE, RULE_ID, RESULT_ID, RESULT_STATUS,
    TITLE, MESSAGE, RECIPIENTS, READ_YN, CREATED_AT
) VALUES (
    2901, 'SINGLE', 11, 1901, 'FAIL',
    '[FAIL] 미사용 고객 0건 검증',
    'expected [0] EQ, actual [2]',
    'customer-team@example.com', 'N', SYSTIMESTAMP - INTERVAL '70' MINUTE
);

INSERT INTO BM_VALIDATION_NOTIFICATION (
    NOTIFICATION_ID, VALIDATION_TYPE, RULE_ID, RESULT_ID, RESULT_STATUS,
    TITLE, MESSAGE, RECIPIENTS, READ_YN, CREATED_AT
) VALUES (
    2902, 'PAIR', 2, 903, 'ERROR',
    '[ERROR] 고객 마스터 건수 검증',
    'Statement timed out after 30 seconds',
    'customer-team@example.com', 'Y', SYSTIMESTAMP - INTERVAL '40' MINUTE
);

INSERT INTO BM_VALIDATION_NOTIFICATION (
    NOTIFICATION_ID, VALIDATION_TYPE, RULE_ID, RESULT_ID, RESULT_STATUS,
    TITLE, MESSAGE, RECIPIENTS, READ_YN, CREATED_AT
) VALUES (
    2903, 'SINGLE', 12, 1902, 'SUCCESS',
    '[SUCCESS] 정산 금액 임계치 검증',
    '실제값이 기대값과 일치합니다.',
    'settlement-team@example.com', 'Y', SYSTIMESTAMP - INTERVAL '55' MINUTE
);
